timestamp,equipment_id,field_id,operational_state,engine_rpm,engine_load_pct,hydraulic_pressure_bar,vibration_ms2,ambient_temp_c
2024-01-08 09:00:00,TRACTOR_02,FIELD_B,FAULT,0.0,0.0,19.4,1.15,6.0
2024-01-17 01:00:00,TRACTOR_02,FIELD_B,FAULT,0.0,0.0,30.2,0.86,0.4
2024-01-17 20:00:00,TRACTOR_01,FIELD_A,FAULT,0.0,0.0,19.4,0.93,0.5
2024-01-18 01:00:00,TRACTOR_02,FIELD_B,FAULT,0.0,0.0,25.8,1.03,5.1
2024-01-19 14:00:00,IRRIGATOR_01,FIELD_C,FAULT,0.0,0.0,28.2,0.8,2.4
2024-01-20 00:00:00,TRACTOR_01,FIELD_A,FAULT,0.0,0.0,22.2,0.77,2.8
2024-01-22 23:00:00,HARVESTER_01,FIELD_D,FAULT,0.0,0.0,14.6,0.78,-0.8
2024-01-23 12:00:00,TRACTOR_01,FIELD_A,FAULT,0.0,0.0,21.8,1.2,6.3
2024-01-23 15:00:00,HARVESTER_01,FIELD_D,FAULT,0.0,0.0,20.5,1.17,-0.0
2024-01-25 22:00:00,IRRIGATOR_01,FIELD_C,FAULT,0.0,0.0,21.7,0.89,1.5
2024-01-26 13:00:00,TRACTOR_02,FIELD_B,FAULT,0.0,0.0,12.1,1.56,5.8
2024-01-26 22:00:00,IRRIGATOR_01,FIELD_C,FAULT,0.0,0.0,19.3,0.81,-2.5
2024-01-28 19:00:00,HARVESTER_01,FIELD_D,FAULT,0.0,0.0,18.3,0.74,-3.2
2024-01-29 00:00:00,TRACTOR_01,FIELD_A,FAULT,0.0,0.0,21.2,1.16,3.0
2024-01-30 14:00:00,IRRIGATOR_01,FIELD_C,FAULT,0.0,0.0,20.0,0.76,5.1
2024-02-02 16:00:00,TRACTOR_01,FIELD_A,FAULT,0.0,0.0,19.8,0.87,0.9
2024-02-03 17:00:00,TRACTOR_02,FIELD_B,FAULT,0.0,0.0,14.4,0.73,1.2
2024-02-03 20:00:00,TRACTOR_01,FIELD_A,FAULT,0.0,0.0,14.5,0.83,0.2
2024-02-04 21:00:00,TRACTOR_02,FIELD_B,FAULT,0.0,0.0,22.8,0.53,3.3
2024-02-08 01:00:00,TRACTOR_02,FIELD_B,FAULT,0.0,0.0,11.1,0.87,6.8
2024-02-08 02:00:00,IRRIGATOR_01,FIELD_C,FAULT,0.0,0.0,18.9,0.88,8.0
2024-02-10 20:00:00,TRACTOR_01,FIELD_A,FAULT,0.0,0.0,26.9,1.43,3.4
2024-02-11 14:00:00,IRRIGATOR_01,FIELD_C,FAULT,0.0,0.0,18.7,0.7,2.8
2024-02-12 14:00:00,IRRIGATOR_01,FIELD_C,FAULT,0.0,0.0,15.8,0.15,2.5
2024-02-16 04:00:00,TRACTOR_01,FIELD_A,FAULT,0.0,0.0,19.5,0.72,11.8
2024-02-16 10:00:00,IRRIGATOR_01,FIELD_C,FAULT,0.0,0.0,17.3,1.55,7.0
2024-02-17 01:00:00,TRACTOR_02,FIELD_B,FAULT,0.0,0.0,17.9,0.66,9.0
2024-02-17 02:00:00,IRRIGATOR_01,FIELD_C,FAULT,0.0,0.0,13.3,1.17,9.1
2024-02-19 11:00:00,HARVESTER_01,FIELD_D,FAULT,0.0,0.0,19.4,0.48,10.6
2024-02-22 11:00:00,HARVESTER_01,FIELD_D,FAULT,0.0,0.0,19.1,0.94,10.1
2024-02-26 00:00:00,TRACTOR_01,FIELD_A,FAULT,0.0,0.0,17.1,0.76,8.2
2024-02-27 15:00:00,HARVESTER_01,FIELD_D,FAULT,0.0,0.0,21.0,0.89,5.3
2024-03-02 13:00:00,TRACTOR_02,FIELD_B,FAULT,0.0,0.0,18.9,0.74,10.2
2024-03-02 22:00:00,IRRIGATOR_01,FIELD_C,FAULT,0.0,0.0,21.0,0.49,7.5
2024-03-06 00:00:00,TRACTOR_01,FIELD_A,FAULT,0.0,0.0,22.6,0.53,10.6
2024-03-06 18:00:00,IRRIGATOR_01,FIELD_C,FAULT,0.0,0.0,16.6,1.4,3.1
2024-03-08 10:00:00,IRRIGATOR_01,FIELD_C,FAULT,0.0,0.0,19.2,0.7,13.5
2024-03-09 02:00:00,IRRIGATOR_01,FIELD_C,FAULT,0.0,0.0,24.1,0.56,12.1
2024-03-11 21:00:00,TRACTOR_02,FIELD_B,FAULT,0.0,0.0,14.4,0.75,8.3
2024-03-12 01:00:00,TRACTOR_02,FIELD_B,FAULT,0.0,0.0,18.0,0.67,12.3
2024-03-14 14:00:00,IRRIGATOR_01,FIELD_C,FAULT,0.0,0.0,23.6,0.72,8.1
2024-03-18 07:00:00,HARVESTER_01,FIELD_D,FAULT,0.0,0.0,20.7,0.59,13.8
2024-03-18 13:00:00,TRACTOR_02,FIELD_B,FAULT,0.0,0.0,28.8,0.48,11.3
2024-03-18 14:00:00,IRRIGATOR_01,FIELD_C,FAULT,0.0,0.0,17.1,0.99,9.5
2024-03-19 00:00:00,TRACTOR_01,FIELD_A,FAULT,0.0,0.0,17.7,1.32,9.8
2024-03-19 01:00:00,TRACTOR_02,FIELD_B,FAULT,0.0,0.0,9.5,0.95,12.5
2024-03-23 20:00:00,TRACTOR_01,FIELD_A,FAULT,0.0,0.0,11.0,0.56,3.3
2024-03-26 04:00:00,TRACTOR_01,FIELD_A,FAULT,0.0,0.0,22.5,0.64,16.2
2024-03-26 10:00:00,IRRIGATOR_01,FIELD_C,FAULT,0.0,0.0,17.0,0.87,16.0
2024-03-28 19:00:00,HARVESTER_01,FIELD_D,FAULT,0.0,0.0,24.6,1.21,9.8
2024-03-29 20:00:00,TRACTOR_01,FIELD_A,FAULT,0.0,0.0,11.8,0.58,9.3
2024-03-30 11:00:00,HARVESTER_01,FIELD_D,FAULT,0.0,0.0,23.0,0.6,16.1
2024-04-02 02:00:00,IRRIGATOR_01,FIELD_C,FAULT,0.0,0.0,25.1,1.27,16.5
2024-04-04 05:00:00,TRACTOR_02,FIELD_B,FAULT,0.0,0.0,14.5,1.15,17.4
2024-04-06 06:00:00,IRRIGATOR_01,FIELD_C,FAULT,0.0,0.0,19.8,0.41,16.8
2024-04-06 21:00:00,TRACTOR_02,FIELD_B,FAULT,0.0,0.0,21.9,0.78,11.3
2024-04-08 06:00:00,IRRIGATOR_01,FIELD_C,FAULT,0.0,0.0,5.7,0.71,20.1
2024-04-09 10:00:00,IRRIGATOR_01,FIELD_C,FAULT,0.0,0.0,17.0,1.62,17.7
2024-04-09 19:00:00,HARVESTER_01,FIELD_D,FAULT,0.0,0.0,30.0,1.22,8.0
2024-04-11 16:00:00,TRACTOR_01,FIELD_A,FAULT,0.0,0.0,18.0,0.11,10.8
2024-04-17 01:00:00,TRACTOR_02,FIELD_B,FAULT,0.0,0.0,23.8,0.29,17.1
2024-04-20 10:00:00,IRRIGATOR_01,FIELD_C,FAULT,0.0,0.0,16.9,1.01,18.0
2024-04-22 05:00:00,TRACTOR_02,FIELD_B,FAULT,0.0,0.0,24.1,0.67,20.8
2024-04-23 05:00:00,TRACTOR_02,FIELD_B,FAULT,0.0,0.0,13.8,0.64,25.2
2024-04-25 09:00:00,TRACTOR_02,FIELD_B,FAULT,0.0,0.0,21.5,0.9,21.8
2024-04-26 09:00:00,TRACTOR_02,FIELD_B,FAULT,0.0,0.0,29.2,0.77,22.2
2024-04-26 16:00:00,TRACTOR_01,FIELD_A,FAULT,0.0,0.0,25.4,1.0,10.5
2024-04-27 16:00:00,TRACTOR_01,FIELD_A,FAULT,0.0,0.0,20.4,0.79,16.2
2024-04-30 11:00:00,HARVESTER_01,FIELD_D,FAULT,0.0,0.0,23.6,1.08,18.1
2024-04-30 14:00:00,IRRIGATOR_01,FIELD_C,FAULT,0.0,0.0,21.6,0.85,18.8
2024-04-30 23:00:00,HARVESTER_01,FIELD_D,FAULT,0.0,0.0,21.1,1.04,17.2
2024-05-01 16:00:00,TRACTOR_01,FIELD_A,FAULT,0.0,0.0,26.8,0.88,16.7
2024-05-02 12:00:00,TRACTOR_01,FIELD_A,FAULT,0.0,0.0,23.1,1.04,19.5
2024-05-06 10:00:00,IRRIGATOR_01,FIELD_C,FAULT,0.0,0.0,18.8,1.25,19.9
2024-05-10 22:00:00,IRRIGATOR_01,FIELD_C,FAULT,0.0,0.0,17.4,1.94,17.9
2024-05-11 16:00:00,TRACTOR_01,FIELD_A,FAULT,0.0,0.0,22.9,0.77,14.3
2024-05-12 02:00:00,IRRIGATOR_01,FIELD_C,FAULT,0.0,0.0,12.9,0.92,25.1
2024-05-12 05:00:00,TRACTOR_02,FIELD_B,FAULT,0.0,0.0,23.3,0.68,26.9
2024-05-17 15:00:00,HARVESTER_01,FIELD_D,FAULT,0.0,0.0,12.2,0.72,16.9
2024-05-23 00:00:00,TRACTOR_01,FIELD_A,FAULT,0.0,0.0,24.8,0.88,18.0
2024-05-23 22:00:00,IRRIGATOR_01,FIELD_C,FAULT,0.0,0.0,14.5,1.22,18.9
2024-05-26 08:00:00,TRACTOR_01,FIELD_A,FAULT,0.0,0.0,26.8,1.36,24.4
2024-05-27 19:00:00,HARVESTER_01,FIELD_D,FAULT,0.0,0.0,21.4,1.42,13.6
2024-05-29 19:00:00,HARVESTER_01,FIELD_D,FAULT,0.0,0.0,17.8,0.1,18.7
2024-06-03 16:00:00,TRACTOR_01,FIELD_A,FAULT,0.0,0.0,9.4,0.6,16.1
2024-06-05 16:00:00,TRACTOR_01,FIELD_A,FAULT,0.0,0.0,16.9,0.51,17.8
2024-06-10 10:00:00,IRRIGATOR_01,FIELD_C,FAULT,0.0,0.0,18.0,0.31,25.4
2024-06-10 22:00:00,IRRIGATOR_01,FIELD_C,FAULT,0.0,0.0,15.7,0.94,19.9
2024-06-13 20:00:00,TRACTOR_01,FIELD_A,FAULT,0.0,0.0,23.1,0.77,17.5
2024-06-15 04:00:00,TRACTOR_01,FIELD_A,FAULT,0.0,0.0,19.4,0.59,21.1
2024-06-15 05:00:00,TRACTOR_02,FIELD_B,FAULT,0.0,0.0,18.3,1.04,29.6
2024-06-20 20:00:00,TRACTOR_01,FIELD_A,FAULT,0.0,0.0,25.5,0.94,17.5
2024-06-22 20:00:00,TRACTOR_01,FIELD_A,FAULT,0.0,0.0,19.0,0.43,22.5
2024-06-23 01:00:00,TRACTOR_02,FIELD_B,FAULT,0.0,0.0,21.6,0.76,20.1
2024-06-26 22:00:00,IRRIGATOR_01,FIELD_C,FAULT,0.0,0.0,17.3,0.56,17.4
2024-06-27 16:00:00,TRACTOR_01,FIELD_A,FAULT,0.0,0.0,25.9,1.1,18.3
2024-06-28 06:00:00,IRRIGATOR_01,FIELD_C,FAULT,0.0,0.0,22.2,0.64,25.9
2024-07-05 04:00:00,TRACTOR_01,FIELD_A,FAULT,0.0,0.0,17.1,1.07,25.2
2024-07-06 04:00:00,TRACTOR_01,FIELD_A,FAULT,0.0,0.0,18.3,0.83,26.0
2024-07-08 06:00:00,IRRIGATOR_01,FIELD_C,FAULT,0.0,0.0,21.6,0.36,25.4
2024-07-08 10:00:00,IRRIGATOR_01,FIELD_C,FAULT,0.0,0.0,18.3,0.35,26.3
2024-07-09 00:00:00,TRACTOR_01,FIELD_A,FAULT,0.0,0.0,20.1,0.9,22.3
2024-07-09 23:00:00,HARVESTER_01,FIELD_D,FAULT,0.0,0.0,18.6,1.07,19.0
2024-07-10 18:00:00,IRRIGATOR_01,FIELD_C,FAULT,0.0,0.0,18.4,0.94,14.2
2024-07-12 13:00:00,TRACTOR_02,FIELD_B,FAULT,0.0,0.0,22.7,1.01,19.8
2024-07-14 04:00:00,TRACTOR_01,FIELD_A,FAULT,0.0,0.0,27.7,0.33,27.3
2024-07-17 05:00:00,TRACTOR_02,FIELD_B,FAULT,0.0,0.0,25.4,0.5,24.9
2024-07-18 05:00:00,TRACTOR_02,FIELD_B,FAULT,0.0,0.0,20.1,0.88,26.3
2024-07-22 17:00:00,TRACTOR_02,FIELD_B,FAULT,0.0,0.0,17.4,1.47,11.2
2024-07-24 23:00:00,HARVESTER_01,FIELD_D,FAULT,0.0,0.0,24.5,0.29,20.4
2024-07-25 09:00:00,TRACTOR_02,FIELD_B,FAULT,0.0,0.0,30.2,0.4,25.4
2024-07-29 05:00:00,TRACTOR_02,FIELD_B,FAULT,0.0,0.0,18.6,0.77,26.6
2024-07-29 09:00:00,TRACTOR_02,FIELD_B,FAULT,0.0,0.0,21.0,1.36,25.3
2024-07-30 10:00:00,IRRIGATOR_01,FIELD_C,FAULT,0.0,0.0,13.2,0.41,22.9
2024-07-31 06:00:00,IRRIGATOR_01,FIELD_C,FAULT,0.0,0.0,16.6,0.91,29.0
2024-08-03 00:00:00,TRACTOR_01,FIELD_A,FAULT,0.0,0.0,13.9,0.53,20.2
2024-08-08 02:00:00,IRRIGATOR_01,FIELD_C,FAULT,0.0,0.0,17.1,1.01,19.4
2024-08-08 16:00:00,TRACTOR_01,FIELD_A,FAULT,0.0,0.0,23.0,1.26,12.7
2024-08-09 02:00:00,IRRIGATOR_01,FIELD_C,FAULT,0.0,0.0,29.8,0.23,20.4
2024-08-11 19:00:00,HARVESTER_01,FIELD_D,FAULT,0.0,0.0,24.5,1.07,14.4
2024-08-16 07:00:00,HARVESTER_01,FIELD_D,FAULT,0.0,0.0,21.7,0.56,20.6
2024-08-17 19:00:00,HARVESTER_01,FIELD_D,FAULT,0.0,0.0,16.0,0.75,13.0
2024-08-20 08:00:00,TRACTOR_01,FIELD_A,FAULT,0.0,0.0,22.2,0.52,19.1
2024-08-26 00:00:00,TRACTOR_01,FIELD_A,FAULT,0.0,0.0,15.0,1.01,16.3
2024-08-26 05:00:00,TRACTOR_02,FIELD_B,FAULT,0.0,0.0,10.3,0.61,21.3
2024-08-28 20:00:00,TRACTOR_01,FIELD_A,FAULT,0.0,0.0,16.7,0.65,8.6
2024-08-28 21:00:00,TRACTOR_02,FIELD_B,FAULT,0.0,0.0,24.9,0.86,10.5
2024-08-31 18:00:00,IRRIGATOR_01,FIELD_C,FAULT,0.0,0.0,14.9,1.05,9.0
2024-09-04 02:00:00,IRRIGATOR_01,FIELD_C,FAULT,0.0,0.0,20.2,0.75,14.3
2024-09-05 21:00:00,TRACTOR_02,FIELD_B,FAULT,0.0,0.0,14.5,0.73,7.1
2024-09-08 10:00:00,IRRIGATOR_01,FIELD_C,FAULT,0.0,0.0,18.5,0.72,19.6
2024-09-08 19:00:00,HARVESTER_01,FIELD_D,FAULT,0.0,0.0,19.8,1.1,12.2
2024-09-14 02:00:00,IRRIGATOR_01,FIELD_C,FAULT,0.0,0.0,23.5,0.29,16.2
2024-09-14 07:00:00,HARVESTER_01,FIELD_D,FAULT,0.0,0.0,20.0,0.91,18.6
2024-09-15 07:00:00,HARVESTER_01,FIELD_D,FAULT,0.0,0.0,11.3,0.75,16.6
2024-09-19 05:00:00,TRACTOR_02,FIELD_B,FAULT,0.0,0.0,23.0,0.88,17.7
2024-09-26 16:00:00,TRACTOR_01,FIELD_A,FAULT,0.0,0.0,23.9,0.83,1.6
2024-09-27 09:00:00,TRACTOR_02,FIELD_B,FAULT,0.0,0.0,11.4,0.87,14.3
2024-09-28 21:00:00,TRACTOR_02,FIELD_B,FAULT,0.0,0.0,24.2,0.69,8.5
2024-09-29 03:00:00,HARVESTER_01,FIELD_D,FAULT,0.0,0.0,29.3,1.08,11.8
2024-10-01 18:00:00,IRRIGATOR_01,FIELD_C,FAULT,0.0,0.0,14.8,0.48,3.4
2024-10-02 14:00:00,IRRIGATOR_01,FIELD_C,FAULT,0.0,0.0,22.9,0.29,2.9
2024-10-04 03:00:00,HARVESTER_01,FIELD_D,FAULT,0.0,0.0,18.9,1.19,10.6
2024-10-11 22:00:00,IRRIGATOR_01,FIELD_C,FAULT,0.0,0.0,21.0,1.31,2.0
2024-10-12 01:00:00,TRACTOR_02,FIELD_B,FAULT,0.0,0.0,19.0,0.36,7.1
2024-10-12 10:00:00,IRRIGATOR_01,FIELD_C,FAULT,0.0,0.0,25.0,0.51,8.1
2024-10-14 20:00:00,TRACTOR_01,FIELD_A,FAULT,0.0,0.0,23.0,0.75,3.8
2024-10-19 12:00:00,TRACTOR_01,FIELD_A,FAULT,0.0,0.0,22.9,0.68,9.8
2024-10-21 21:00:00,TRACTOR_02,FIELD_B,FAULT,0.0,0.0,22.4,1.13,1.9
2024-10-23 21:00:00,TRACTOR_02,FIELD_B,FAULT,0.0,0.0,20.3,0.48,5.2
2024-10-25 00:00:00,TRACTOR_01,FIELD_A,FAULT,0.0,0.0,20.6,0.64,7.8
2024-10-27 03:00:00,HARVESTER_01,FIELD_D,FAULT,0.0,0.0,31.1,0.81,10.5
2024-10-28 05:00:00,TRACTOR_02,FIELD_B,FAULT,0.0,0.0,19.9,0.4,9.2
2024-10-28 21:00:00,TRACTOR_02,FIELD_B,FAULT,0.0,0.0,21.3,1.18,2.3
2024-10-30 23:00:00,HARVESTER_01,FIELD_D,FAULT,0.0,0.0,25.1,0.23,4.1
2024-11-04 06:00:00,IRRIGATOR_01,FIELD_C,FAULT,0.0,0.0,15.0,0.81,11.8
2024-11-05 10:00:00,IRRIGATOR_01,FIELD_C,FAULT,0.0,0.0,19.6,0.31,7.4
2024-11-08 03:00:00,HARVESTER_01,FIELD_D,FAULT,0.0,0.0,28.6,0.37,9.6
2024-11-11 15:00:00,HARVESTER_01,FIELD_D,FAULT,0.0,0.0,16.0,0.54,-0.2
2024-11-12 03:00:00,HARVESTER_01,FIELD_D,FAULT,0.0,0.0,14.3,1.07,7.1
2024-11-12 16:00:00,TRACTOR_01,FIELD_A,FAULT,0.0,0.0,15.6,0.65,1.6
2024-11-12 17:00:00,TRACTOR_02,FIELD_B,FAULT,0.0,0.0,17.2,0.44,0.1
2024-11-12 21:00:00,TRACTOR_02,FIELD_B,FAULT,0.0,0.0,30.6,0.91,3.0
2024-11-15 05:00:00,TRACTOR_02,FIELD_B,FAULT,0.0,0.0,25.8,0.63,7.0
2024-11-15 14:00:00,IRRIGATOR_01,FIELD_C,FAULT,0.0,0.0,20.9,0.74,1.0
2024-11-16 00:00:00,TRACTOR_01,FIELD_A,FAULT,0.0,0.0,25.5,0.68,1.7
2024-11-22 00:00:00,TRACTOR_01,FIELD_A,FAULT,0.0,0.0,15.7,0.68,1.8
2024-11-25 14:00:00,IRRIGATOR_01,FIELD_C,FAULT,0.0,0.0,21.5,0.38,0.1
2024-11-25 19:00:00,HARVESTER_01,FIELD_D,FAULT,0.0,0.0,24.9,0.77,-0.8
2024-12-02 05:00:00,TRACTOR_02,FIELD_B,FAULT,0.0,0.0,19.7,0.98,3.8
2024-12-02 10:00:00,IRRIGATOR_01,FIELD_C,FAULT,0.0,0.0,28.3,0.57,6.1
2024-12-02 15:00:00,HARVESTER_01,FIELD_D,FAULT,0.0,0.0,25.9,0.31,1.6
2024-12-03 05:00:00,TRACTOR_02,FIELD_B,FAULT,0.0,0.0,20.8,0.74,7.5
2024-12-07 17:00:00,TRACTOR_02,FIELD_B,FAULT,0.0,0.0,22.1,1.21,1.1
2024-12-09 10:00:00,IRRIGATOR_01,FIELD_C,FAULT,0.0,0.0,20.9,0.44,3.9
2024-12-14 13:00:00,TRACTOR_02,FIELD_B,FAULT,0.0,0.0,16.1,1.07,-2.5
2024-12-15 22:00:00,IRRIGATOR_01,FIELD_C,FAULT,0.0,0.0,21.0,0.67,0.8
2024-12-24 11:00:00,HARVESTER_01,FIELD_D,FAULT,0.0,0.0,21.7,0.37,4.1
2024-12-26 01:00:00,TRACTOR_02,FIELD_B,FAULT,0.0,0.0,22.4,0.55,2.6
2024-12-26 22:00:00,IRRIGATOR_01,FIELD_C,FAULT,0.0,0.0,18.3,1.03,-1.2
2024-12-27 08:00:00,TRACTOR_01,FIELD_A,FAULT,0.0,0.0,17.7,0.63,7.2
2024-12-29 14:00:00,IRRIGATOR_01,FIELD_C,FAULT,0.0,0.0,23.6,0.91,-2.8
